fixed_acidity,fixed_acidity,volatile_acidity,volatile_acidity,citric_acid,citric_acid,residual_sugar,residual_sugar,chlorides,chlorides,free_sulfur_dioxide,free_sulfur_dioxide,total_sulfur_dioxide,total_sulfur_dioxide,density,density,pH,pH,sulphates,sulphates,alcohol,alcohol
min,max,min,max,min,max,min,max,min,max,min,max,min,max,min,max,min,max,min,max,min,max
4.2,11.8,0.17,1.58,0.0,0.66,0.7,16.2,0.022,0.267,3.0,289.0,9.0,440.0,0.9911,1.0008,2.87,3.63,0.28,0.86,8.0,12.6
4.6,12.5,0.11,1.13,0.0,1.0,0.7,17.55,0.013,0.61,3.0,138.5,7.0,272.0,0.9892,1.001,2.74,3.9,0.25,2.0,8.4,13.5
4.5,15.9,0.1,1.33,0.0,1.0,0.6,23.5,0.009,0.611,2.0,131.0,6.0,344.0,0.98722,1.00315,2.79,3.79,0.27,1.98,8.0,14.9
3.8,14.3,0.08,1.04,0.0,1.66,0.7,65.8,0.015,0.415,1.0,112.0,6.0,294.0,0.98758,1.03898,2.72,4.01,0.23,1.95,8.4,14.0
4.2,15.6,0.08,0.915,0.0,0.76,0.9,19.25,0.012,0.358,3.0,108.0,7.0,289.0,0.98711,1.0032,2.84,3.82,0.22,1.36,8.6,14.2
3.9,12.6,0.12,0.85,0.03,0.74,0.8,14.8,0.014,0.121,3.0,105.0,12.0,212.5,0.98713,1.0006,2.88,3.72,0.25,1.1,8.5,14.0
6.6,9.1,0.24,0.36,0.29,0.49,1.6,10.6,0.018,0.035,24.0,57.0,85.0,139.0,0.98965,0.997,3.2,3.41,0.36,0.61,10.4,12.9
